Headline,Date
Australia’s BlueScope leads global steel giants in push for Gupta’s Whyalla plant,2025-08-03
JSW Steel receives Investment Bank Analyst Rating Update,2025-07-22
JSW Steel receives Investment Bank Analyst Rating Update,2025-07-21
JSW Steel receives Investment Bank Analyst Rating Update,2025-07-21
"JPMorgan raises JSW Steel stock price target to INR1,100 on strong EBITDA",2025-07-21
JSW Steel receives Investment Bank Analyst Rating Update,2025-07-21
JSW Steel receives Investment Bank Analyst Rating Update,2025-07-20
Severfield secures option to sell partial stake in Indian joint venture,2025-07-18
JSW Steel receives Investment Bank Analyst Rating Update,2025-07-17
JSW Steel receives Investment Bank Analyst Rating Update,2025-07-15
